timeframe,family,variant,n_trades,win_rate,payoff_free,be_payoff,edge_free,exp_r_free,exp_r_real,exp_usd_real,pf_free,pf_real
H4,H2_volatility_regime,0,58,25.862068965517242,5.256088464032369,2.8666666666666667,2.3894217973657024,0.7341077224194337,0.5823906935435187,58.23906935435187,1.8335192316391984,1.628273276740892
H4,H2_volatility_regime,8,57,28.07017543859649,4.552508428101558,2.5625,1.9900084281015582,0.618111190754275,0.48394027328540273,48.394027328540275,1.7765886548689007,1.5759919230439632
H4,H2_volatility_regime,4,90,26.666666666666668,4.561595610158493,2.7500000000000004,1.8115956101584927,0.521419271630258,0.3982341448036517,39.82341448036517,1.6587620400576337,1.4816358261379952
H4,H2_volatility_regime,2,57,35.08771929824561,2.9148538343308346,1.85,1.0648538343308345,0.3688207864540514,0.3316868821266579,33.16868821266579,1.5755966672058566,1.5040014670188409
H4,H2_volatility_regime,6,84,38.095238095238095,2.5551765521680414,1.6250000000000002,0.9301765521680412,0.34058885475119705,0.276879616346613,27.687961634661303,1.572416339795718,1.4493262637390272
H4,H2_volatility_regime,14,84,36.904761904761905,2.50414991881007,1.7096774193548385,0.7944724994552317,0.28568515688720386,0.23928893595706646,23.928893595706647,1.4646914619455127,1.3791824268411494
H4,H1_trend_persistence,7,94,13.829787234042554,8.107946903360618,6.23076923076923,1.8771776725913885,0.29588793294444327,0.18843031070965924,18.843031070965925,1.3012754289344202,1.1837465318715519
H4,H2_volatility_regime,12,91,25.274725274725274,3.824354220210963,2.956521739130435,0.8678324810805278,0.23741370202431658,0.15553626769023415,15.553626769023415,1.2935315744831197,1.18472515743464
H4,H1_trend_persistence,9,70,21.428571428571427,4.50521244262734,3.666666666666667,0.8385457759606734,0.1835464488167685,0.14903764829485672,14.903764829485672,1.2286943025347292,1.1803066469296357
H4,H1_trend_persistence,6,111,15.315315315315313,6.702722707124898,5.529411764705883,1.1733109424190147,0.22412674856823966,0.14708653279821432,14.708653279821432,1.2121945321396093,1.1354862097905485
H1,H1_trend_persistence,3,240,22.916666666666664,4.326846348281839,3.3636363636363638,0.9632099846454749,0.2643417983975579,0.12127764238932962,12.127764238932961,1.2863597251648706,1.138734304921487
H4,H2_volatility_regime,10,56,30.357142857142854,3.0267564979758506,2.294117647058824,0.7326388509170267,0.20548595839940792,0.12001412683140207,12.001412683140208,1.319355396553576,1.1816923597594742
H4,H1_trend_persistence,11,57,26.31578947368421,3.4676895843917768,2.8000000000000003,0.6676895843917765,0.14822170320136185,0.11716711978893647,11.716711978893647,1.238460565854206,1.1818373293561288
H4,H2_volatility_regime,9,58,31.03448275862069,3.02325390886083,2.2222222222222223,0.8010316866386078,0.1953151823861507,0.09436864539725526,9.436864539725526,1.3604642589873737,1.1598163682973557
H1,H1_trend_persistence,9,160,15.625,6.448813391083899,5.4,1.0488133910838986,0.20880697596117556,0.08993335790084865,8.993335790084865,1.1942247020525738,1.0826304750987132
H4,H1_trend_persistence,0,156,24.358974358974358,3.661024353529703,3.1052631578947367,0.5557611956349664,0.1622846811174063,0.06989871104895828,6.989871104895828,1.178973944357023,1.0763903368645504
H1,H1_trend_persistence,11,130,19.230769230769234,4.844773935505461,4.2,0.6447739355054605,0.13277786805132008,0.058522629132371856,5.852262913237186,1.1535176036917765,1.0661487747161418
H1,H1_trend_persistence,5,203,27.093596059113302,3.1769482357183794,2.690909090909091,0.48603914480928845,0.12778760644008114,0.05325828343029012,5.325828343029012,1.180622655165614,1.0749120257197613
H4,H1_trend_persistence,4,97,42.2680412371134,1.572952395667389,1.3658536585365852,0.20709873713080373,0.07836713522086985,0.04548116072034447,4.548116072034447,1.151625861113624,1.0853138622841931
H4,H1_trend_persistence,2,119,34.45378151260504,2.123970354296542,1.9024390243902438,0.22153132990629798,0.08037782724149638,0.039304571708245695,3.9304571708245692,1.1164459554635668,1.0562838504986685
H4,H1_trend_persistence,10,68,32.35294117647059,2.370079602653843,2.090909090909091,0.27917051174475205,0.0858410617783525,0.03638682636079857,3.638682636079857,1.133516331704012,1.0548851396391457
H1,H1_trend_persistence,7,238,10.084033613445378,10.662244958536155,8.916666666666666,1.7455782918694887,0.26340838478811096,0.03580401566912086,3.5804015669120854,1.1957657897423724,1.0289457816455823
H4,H2_volatility_regime,18,60,31.666666666666664,2.6608967601596945,2.1578947368421053,0.5030020233175891,0.12515404832288535,0.025628709632206082,2.5628709632206084,1.2330984986105902,1.0438882160365122
H1,H1_trend_persistence,4,223,26.45739910313901,3.142021285689879,2.7796610169491527,0.36236026874072635,0.09709855238678204,0.023662854728871308,2.3662854728871308,1.1303613161933102,1.0322873932154326
H4,H2_volatility_regime,11,58,34.48275862068966,2.3067557097002838,1.9,0.40675570970028385,0.07723206983700924,0.008927462296088864,0.8927462296088864,1.2140819524738333,1.0231038615414572
H4,H1_trend_persistence,8,85,23.52941176470588,3.657130682627842,3.25,0.4071306826278418,0.09922587602500219,0.0038009911061394363,0.38009911061394364,1.125270979270105,1.0047520071874774
H4,H1_trend_persistence,13,214,32.242990654205606,2.307831124148164,2.101449275362319,0.2063818487858451,0.04621746280649036,-0.005103780329408672,-0.5103780329408671,1.0982092935601606,0.9893301865632661
H4,H2_volatility_regime,5,95,34.73684210526316,2.182294173254229,1.8787878787878787,0.30350629446635025,0.08682868092479681,-0.005802148335543521,-0.5802148335543521,1.161543672861122,0.9898189764690083
H4,H2_volatility_regime,7,94,39.361702127659576,1.8186832682118372,1.5405405405405406,0.27814272767129666,0.05893484047411639,-0.007477478198318822,-0.7477478198318822,1.1805487881375085,0.9785049493366839
H4,H1_trend_persistence,3,104,25.961538461538463,2.9637265685276457,2.8518518518518516,0.11187471667579407,0.023855120866153903,-0.010963762572927322,-1.0963762572927322,1.0392287967564473,0.9824511118715112
H1,H1_trend_persistence,0,399,14.786967418546364,6.68542088311053,5.762711864406779,0.9227090187037508,0.2080226668914248,-0.011016417584517189,-1.1016417584517189,1.1601171532456507,0.9889375329031797
H4,H1_trend_persistence,14,283,37.80918727915194,1.7716739902979015,1.6448598130841119,0.12681417721378963,0.017894755327482213,-0.015721451998580313,-1.5721451998580311,1.0770972554652014,0.9346734699157168
H1,H1_trend_persistence,15,705,37.5886524822695,1.8447574111186507,1.6603773584905661,0.18438005262808455,0.047907276039266374,-0.020593474586267792,-2.059347458626779,1.1110470771510055,0.9428574349277841
H4,H1_trend_persistence,5,91,29.67032967032967,2.364702199548033,2.3703703703703702,-0.005668170822337171,-0.0011595846246386027,-0.021666229662079543,-2.1666229662079544,0.9976087404343263,0.9564189725977076
H1,H1_trend_persistence,2,290,20.689655172413794,4.151473452672841,3.8333333333333335,0.31814011933950725,0.07518401989869548,-0.02172120810012509,-2.172120810012509,1.0829930746103062,0.9744413791777993
H1,H1_trend_persistence,14,1029,36.15160349854227,1.9918343395146259,1.7661290322580645,0.22570530725656135,0.04498090960126045,-0.02311375384387178,-2.311375384387178,1.127796612327916,0.9146053710137336
H4,H1_trend_persistence,12,284,37.67605633802817,1.7987082730086512,1.6542056074766354,0.14450266553201585,0.029868265622611495,-0.025643418637104134,-2.5643418637104136,1.0873547187114443,0.9258426002120299
H4,H2_volatility_regime,19,60,33.33333333333333,2.139284283021515,2.0000000000000004,0.13928428302151463,0.023988285196286253,-0.02905173615438834,-2.905173615438834,1.0696421415107575,0.9228631347459482
H1,H1_trend_persistence,12,1046,35.5640535372849,2.020736435953754,1.8118279569892475,0.20890847896450637,0.06360857902025803,-0.0337562385029534,-3.3756238502953404,1.1153026026332293,0.9068229056762743
H1,H1_trend_persistence,13,761,34.82260183968462,2.0233838957414356,1.8716981132075474,0.1516857825338882,0.048716788535052506,-0.03889976653528761,-3.8899766535287608,1.0810417991360493,0.914312700301849
H4,H1_trend_persistence,15,205,33.65853658536586,1.9294364536958524,1.9710144927536228,-0.041578039057770466,-0.006839125352545757,-0.041722346057850926,-4.172234605785093,0.9789052595956899,0.8743206690988485
H1,H1_trend_persistence,1,362,14.3646408839779,6.770592146036521,5.961538461538462,0.8090536844980596,0.14470151041971585,-0.043859163836201344,-4.385916383620135,1.1357122309480616,0.9490377955224144
H4,H2_volatility_regime,1,61,29.508196721311474,2.6240788439806213,2.388888888888889,0.23518995509173246,0.0593598599461945,-0.05087507196524468,-5.087507196524467,1.098451609108167,0.9217151221693465
H1,H3_session_breakout,1,372,41.935483870967744,1.5100359753997232,1.3846153846153844,0.12542059078433887,0.045984415843893796,-0.052134616043086675,-5.213461604308668,1.0905815377886892,0.8853348338200893
H1,H3_session_breakout,8,293,40.61433447098976,1.666359187026161,1.4621848739495797,0.20417431307658118,0.06938497045272342,-0.052243946542537945,-5.2243946542537945,1.1396364554949032,0.8876963034303677
H1,H3_session_breakout,7,415,45.30120481927711,1.281578251174542,1.2074468085106382,0.0741314426639037,0.019348425250970337,-0.05376384035584521,-5.376384035584521,1.0613952036159202,0.8185844405229324
H1,H3_session_breakout,5,466,44.63519313304721,1.302363629010385,1.2403846153846152,0.06197901362576985,0.015975059203179917,-0.06069763743648305,-6.069763743648305,1.0499675768765895,0.7929220724011193
H4,H2_volatility_regime,3,61,34.42622950819672,1.890200621539499,1.9047619047619049,-0.014561283222405796,-0.003007203653823961,-0.06189808404861017,-6.189808404861017,0.992355326308237,0.851865527031096
H4,H2_volatility_regime,17,150,37.333333333333336,1.6022138041404013,1.6785714285714286,-0.07635762443102734,-0.014333285662185275,-0.0630037092645954,-6.300370926459541,0.9545103514027924,0.8132790654094051
H1,H2_volatility_regime,6,313,30.990415335463258,2.3527731372121568,2.2268041237113407,0.12596901350081602,0.03214724750646508,-0.06308924818408325,-6.308924818408325,1.0565694180999037,0.8809021951230612
H1,H3_session_breakout,0,372,34.67741935483871,2.157860099525571,1.883720930232558,0.27413916929301285,0.11474079828720335,-0.06767953674340295,-6.767953674340295,1.1455306701185128,0.8929106849715226
H1,H2_volatility_regime,14,298,31.543624161073826,2.2860136143019294,2.170212765957447,0.11580084834448234,0.030797700434832372,-0.0729112275637468,-7.291122756374679,1.053359214433242,0.865069661360409
H1,H2_volatility_regime,17,618,35.760517799352755,1.8458503755750542,1.7963800904977374,0.04947028507731677,0.010525591632502029,-0.07509776032406462,-7.509776032406463,1.0275388740606726,0.758491882193615
H4,H2_volatility_regime,16,154,33.116883116883116,2.00891629307022,2.019607843137255,-0.010691550067035038,-0.0026601720272206764,-0.07641568448168784,-7.641568448168784,0.9947061256949633,0.8534478855574239
H1,H2_volatility_regime,16,645,32.713178294573645,2.303019609994973,2.056872037914692,0.24614757208028104,0.08042816922525853,-0.08583070433998147,-8.583070433998147,1.1196708242141458,0.7992594249155556
H1,H3_session_breakout,3,324,39.50617283950617,1.5242448440583343,1.5312500000000002,-0.007005155941665953,-0.002156899912582569,-0.08625093882430063,-8.625093882430063,0.9954252042829937,0.8044081195563261
H1,H2_volatility_regime,11,192,32.29166666666667,2.217381814572255,2.0967741935483866,0.12060762102386846,0.022993843816883342,-0.08688366357771928,-8.688366357771928,1.0575205577190754,0.7951973586185156
H1,H3_session_breakout,9,265,37.735849056603776,1.6964910779471314,1.65,0.046491077947131476,0.01527905232512833,-0.0870637508377335,-8.70637508377335,1.0281764108770493,0.8323834268185106
H4,H2_volatility_regime,15,98,34.69387755102041,1.6311323276069447,1.8823529411764708,-0.2512206135695261,-0.04625109656329674,-0.09032798219635751,-9.032798219635751,0.8665390490411893,0.757829513841865
H1,H1_trend_persistence,10,159,22.0125786163522,3.4197905130402924,3.542857142857143,-0.12306662981685079,-0.027471735112527776,-0.09145851702972763,-9.145851702972763,0.9652634512613728,0.8844064829669276
H4,H2_volatility_regime,13,98,31.63265306122449,2.1096583267547575,2.161290322580645,-0.05163199582588751,-0.012791580384987448,-0.092563461643848,-9.2563461643848,0.9761105690954848,0.8390738785689723
H1,H3_session_breakout,6,415,39.036144578313255,1.6150879813520398,1.5617283950617282,0.05335958629031157,0.017153845475403433,-0.09828150241669605,-9.828150241669604,1.0341670078222547,0.7701233528980199
H1,H3_session_breakout,2,324,32.71604938271605,2.239955349548671,2.0566037735849054,0.1833515759637656,0.06307885048723953,-0.10244208112195163,-10.244208112195164,1.0891526011566932,0.8306347122048591
H1,H2_volatility_regime,7,347,33.14121037463977,1.9106124311340071,2.017391304347826,-0.10677887321381885,-0.02050465850594675,-0.10344189821058082,-10.344189821058082,0.9470708171569432,0.7200445358759167
H1,H3_session_breakout,4,466,38.62660944206009,1.5920196057440719,1.5888888888888888,0.003130716855183069,0.0009902339954087906,-0.10407096093196286,-10.407096093196285,1.0019703812375278,0.7481352005251459
H1,H3_session_breakout,11,97,49.48453608247423,1.004635136389478,1.0208333333333333,-0.01619819694385516,-0.006175911127960384,-0.10776561337855517,-10.776561337855517,0.9841323785039785,0.7438229546909811
H1,H1_trend_persistence,8,202,16.831683168316832,4.811812080945345,4.941176470588235,-0.12936438964288932,-0.023318944898433704,-0.11219364164262935,-11.219364164262934,0.9738191116198912,0.871560144486704
H1,H2_volatility_regime,15,335,32.83582089552239,1.9019750054003282,2.0454545454545454,-0.14347954005421726,-0.02667283971976095,-0.11253235222431317,-11.253235222431316,0.9298544470846049,0.6924570833104461
H1,H1_trend_persistence,6,284,11.619718309859154,7.742844886183607,7.606060606060606,0.1367842801230008,0.01983068305356707,-0.11574585420827828,-11.574585420827828,1.017983590613781,0.8832544099749312
H1,H2_volatility_regime,3,190,32.631578947368425,1.9358479687861814,2.064516129032258,-0.12866816024607663,-0.024947223094691853,-0.11765123066422893,-11.765123066422893,0.9376763598808067,0.7202931733738237
H1,H3_session_breakout,10,182,46.15384615384615,1.0285541013478328,1.1666666666666665,-0.13811256531883376,-0.03456029316969122,-0.11903458292979449,-11.90345829297945,0.8816178011552852,0.6206733632645356
H1,H2_volatility_regime,10,181,28.176795580110497,2.40870855790146,2.549019607843137,-0.1403110499416771,-0.03411346659637428,-0.13103673905133925,-13.103673905133924,0.9449548957921112,0.7902629956145407
H1,H2_volatility_regime,19,197,31.472081218274113,1.855838187181798,2.1774193548387095,-0.3215811676569116,-0.057805708667641426,-0.14448853573811127,-14.448853573811126,0.852310871150159,0.6500565817303973
H4,H1_trend_persistence,1,159,15.723270440251572,4.807283370781252,5.36,-0.5527166292187484,-0.07669962799535976,-0.14980674961407772,-14.980674961407772,0.8968812258920246,0.7976287125934138
H4,H3_session_breakout,11,87,34.48275862068966,1.4612213206792262,1.9,-0.43877867932077375,-0.1193511786645004,-0.15647146041125917,-15.647146041125916,0.7690638529890663,0.7065786830722746
H1,H2_volatility_regime,2,184,30.434782608695656,1.9456825935397053,2.2857142857142856,-0.3400316921745803,-0.08624485038094475,-0.16055698597456902,-16.055698597456903,0.851236134673621,0.7220908831908841
H1,H2_volatility_regime,13,349,27.793696275071632,2.3120984157702993,2.597938144329897,-0.2858397285595977,-0.06006244321838205,-0.1697673257257498,-16.976732572574978,0.8899743901972976,0.6430080542620166
H1,H2_volatility_regime,5,354,27.401129943502823,2.3341879866678847,2.6494845360824746,-0.31529654941458984,-0.06998416761125474,-0.17001578065439304,-17.001578065439304,0.8809970222053884,0.6637617864683748
H1,H2_volatility_regime,9,193,26.42487046632124,2.6987445469005626,2.784313725490196,-0.08556917858963331,-0.018507509017685154,-0.17017429497148193,-17.017429497148193,0.9692674076896387,0.7228320979478656
H1,H2_volatility_regime,4,340,17.352941176470587,4.028109580703749,4.762711864406779,-0.7346022837030306,-0.09365805779807258,-0.1817919640623585,-18.17919640623585,0.8457596628523885,0.6625288136702817
H1,H2_volatility_regime,1,192,26.5625,2.473602594649126,2.764705882352941,-0.2911032877038151,-0.06238834043005415,-0.19676060865203243,-19.676060865203244,0.8947073214688329,0.6725771589297644
H1,H2_volatility_regime,18,201,27.860696517412936,2.2753343727067747,2.589285714285714,-0.3139513415789392,-0.06972886699463027,-0.20162271665026513,-20.162271665026513,0.8787498267005475,0.6500378454125971
H1,H2_volatility_regime,12,336,16.071428571428573,3.9346143756159186,5.222222222222222,-1.2876078466063037,-0.13457231758369764,-0.21017737248510987,-21.017737248510986,0.7534367953307078,0.5650797423477187
H1,H2_volatility_regime,0,191,16.75392670157068,3.590166544708876,4.96875,-1.3785834552911238,-0.17096315697772957,-0.27135934821945795,-27.135934821945796,0.7225492417024154,0.559830722719923
H1,H2_volatility_regime,8,190,14.736842105263156,4.264725413912348,5.7857142857142865,-1.5209888718019382,-0.17198852534567405,-0.2771016516118422,-27.71016516118422,0.737113034503369,0.5762742666153844
